[
  { "name": "Madrid", "region": "Madrid" },
  { "name": "Barcelona", "region": "Cataluña" },
  { "name": "Valencia", "region": "Comunidad Valenciana" },
  { "name": "Sevilla", "region": "Andalucía" },
  { "name": "Zaragoza", "region": "Aragón" },
  { "name": "Málaga", "region": "Andalucía" },
  { "name": "Murcia", "region": "Región de Murcia" },
  { "name": "Palma", "region": "Islas Baleares" },
  { "name": "Las Palmas de Gran Canaria", "region": "Canarias" },
  { "name": "Bilbao", "region": "País Vasco" },
  { "name": "Alicante", "region": "Comunidad Valenciana" },
  { "name": "Córdoba", "region": "Andalucía" },
  { "name": "Valladolid", "region": "Castilla y León" },
  { "name": "Vigo", "region": "Galicia" },
  { "name": "Gijón", "region": "Asturias" },
  { "name": "Hospitalet de Llobregat", "region": "Cataluña" },
  { "name": "Vitoria-Gasteiz", "region": "País Vasco" },
  { "name": "A Coruña", "region": "Galicia" },
  { "name": "Elche", "region": "Comunidad Valenciana" },
  { "name": "Granada", "region": "Andalucía" },
  { "name": "Terrassa", "region": "Cataluña" },
  { "name": "Badalona", "region": "Cataluña" },
  { "name": "Oviedo", "region": "Asturias" },
  { "name": "Cartagena", "region": "Región de Murcia" },
  { "name": "Sabadell", "region": "Cataluña" },
  { "name": "Jerez de la Frontera", "region": "Andalucía" },
  { "name": "Móstoles", "region": "Madrid" },
  { "name": "Santa Cruz de Tenerife", "region": "Canarias" },
  { "name": "Pamplona", "region": "Navarra" },
  { "name": "Almería", "region": "Andalucía" },
  { "name": "Alcalá de Henares", "region": "Madrid" },
  { "name": "Fuenlabrada", "region": "Madrid" },
  { "name": "Leganés", "region": "Madrid" },
  { "name": "San Sebastián", "region": "País Vasco" },
  { "name": "Getafe", "region": "Madrid" },
  { "name": "Burgos", "region": "Castilla y León" },
  { "name": "Santander", "region": "Cantabria" },
  { "name": "Albacete", "region": "Castilla-La Mancha" },
  { "name": "Castellón de la Plana", "region": "Comunidad Valenciana" },
  { "name": "Alcorcón", "region": "Madrid" },
  { "name": "San Cristóbal de La Laguna", "region": "Canarias" },
  { "name": "Logroño", "region": "La Rioja" },
  { "name": "Badajoz", "region": "Extremadura" },
  { "name": "Salamanca", "region": "Castilla y León" },
  { "name": "Huelva", "region": "Andalucía" },
  { "name": "Lleida", "region": "Cataluña" },
  { "name": "Marbella", "region": "Andalucía" },
  { "name": "Tarragona", "region": "Cataluña" },
  { "name": "Dos Hermanas", "region": "Andalucía" },
  { "name": "Torre-Pacheco", "region": "Región de Murcia" },
  { "name": "León", "region": "Castilla y León" },
  { "name": "Mataró", "region": "Cataluña" },
  { "name": "Parla", "region": "Madrid" },
  { "name": "Torrejón de Ardoz", "region": "Madrid" },
  { "name": "Cádiz", "region": "Andalucía" },
  { "name": "Santa Coloma de Gramenet", "region": "Cataluña" },
  { "name": "Jaén", "region": "Andalucía" },
  { "name": "Algeciras", "region": "Andalucía" },
  { "name": "Alcobendas", "region": "Madrid" },
  { "name": "Ourense", "region": "Galicia" },
  { "name": "Reus", "region": "Cataluña" },
  { "name": "Telde", "region": "Canarias" },
  { "name": "Barakaldo", "region": "País Vasco" }
]
