[
  {"name": "A Coruña", "region": "Galicia"},
  {"name": "A Estrada", "region": "Galicia"},
  {"name": "Abadiño", "region": "País Vasco"},
  {"name": "Adeje", "region": "Canarias"},
  {"name": "Adra", "region": "Andalucía"},
  {"name": "Águilas", "region": "Murcia"},
  {"name": "Alaquàs", "region": "C. Valenciana"},
  {"name": "Albacete", "region": "Castilla-La Mancha"},
  {"name": "Albal", "region": "C. Valenciana"},
  {"name": "Alboraya", "region": "C. Valenciana"},
  {"name": "Alcalá de Guadaíra", "region": "Andalucía"},
  {"name": "Alcalá de Henares", "region": "Madrid"},
  {"name": "Alcalá la Real", "region": "Andalucía"},
  {"name": "Alcanar", "region": "Cataluña"},
  {"name": "Alcantarilla", "region": "Murcia"},
  {"name": "Alcázar de San Juan", "region": "Castilla-La Mancha"},
  {"name": "Alcobendas", "region": "Madrid"},
  {"name": "Alcoi/Alcoy", "region": "C. Valenciana"},
  {"name": "Alcorcón", "region": "Madrid"},
  {"name": "Aldaia", "region": "C. Valenciana"},
  {"name": "Alfafar", "region": "C. Valenciana"},
  {"name": "Algeciras", "region": "Andalucía"},
  {"name": "Algete", "region": "Madrid"},
  {"name": "Algorta", "region": "País Vasco"},
  {"name": "Alhama de Murcia", "region": "Murcia"},
  {"name": "Alhaurín de la Torre", "region": "Andalucía"},
  {"name": "Alhaurín el Grande", "region": "Andalucía"},
  {"name": "Alicante", "region": "C. Valenciana"},
  {"name": "Almansa", "region": "Castilla-La Mancha"},
  {"name": "Almazora/Almassora", "region": "C. Valenciana"},
  {"name": "Almendralejo", "region": "Extremadura"},
  {"name": "Almería", "region": "Andalucía"},
  {"name": "Almonte", "region": "Andalucía"},
  {"name": "Almuñécar", "region": "Andalucía"},
  {"name": "Alpedrete", "region": "Madrid"},
  {"name": "Altea", "region": "C. Valenciana"},
  {"name": "Alzira", "region": "C. Valenciana"},
  {"name": "Amadora", "region": "Cataluña"},
  {"name": "Amorebieta-Etxano", "region": "País Vasco"},
  {"name": "Amposta", "region": "Cataluña"},
  {"name": "Andoain", "region": "País Vasco"},
  {"name": "Andújar", "region": "Andalucía"},
  {"name": "Antequera", "region": "Andalucía"},
  {"name": "Aranjuez", "region": "Madrid"},
  {"name": "Arcos de la Frontera", "region": "Andalucía"},
  {"name": "Arenas de San Pedro", "region": "Castilla y León"},
  {"name": "Arganda del Rey", "region": "Madrid"},
  {"name": "Argamasilla de Alba", "region": "Castilla-La Mancha"},
  {"name": "Arnedo", "region": "La Rioja"},
  {"name": "Arona", "region": "Canarias"},
  {"name": "Arrasate/Mondragón", "region": "País Vasco"},
  {"name": "Arrecife", "region": "Canarias"},
  {"name": "Arroyomolinos", "region": "Madrid"},
  {"name": "Arteixo", "region": "Galicia"},
  {"name": "Arucas", "region": "Canarias"},
  {"name": "Aspe", "region": "C. Valenciana"},
  {"name": "Astorga", "region": "Castilla y León"},
  {"name": "Ávila", "region": "Castilla y León"},
  {"name": "Avilés", "region": "Asturias"},
  {"name": "Ayamonte", "region": "Andalucía"},
  {"name": "Azpeitia", "region": "País Vasco"},
  {"name": "Azuqueca de Henares", "region": "Castilla-La Mancha"},
  {"name": "Badalona", "region": "Cataluña"},
  {"name": "Badajoz", "region": "Extremadura"},
  {"name": "Baena", "region": "Andalucía"},
  {"name": "Baeza", "region": "Andalucía"},
  {"name": "Bailén", "region": "Andalucía"},
  {"name": "Balaguer", "region": "Cataluña"},
  {"name": "Banyoles", "region": "Cataluña"},
  {"name": "Barakaldo", "region": "País Vasco"},
  {"name": "Barbate", "region": "Andalucía"},
  {"name": "Barbastro", "region": "Aragón"},
  {"name": "Barcelona", "region": "Cataluña"},
  {"name": "Bargas", "region": "Castilla-La Mancha"},
  {"name": "Basauri", "region": "País Vasco"},
  {"name": "Béjar", "region": "Castilla y León"},
  {"name": "Benicarló", "region": "C. Valenciana"},
  {"name": "Benidorm", "region": "C. Valenciana"},
  {"name": "Berga", "region": "Cataluña"},
  {"name": "Berja", "region": "Andalucía"},
  {"name": "Berriozar", "region": "Navarra"},
  {"name": "Betanzos", "region": "Galicia"},
  {"name": "Biar", "region": "C. Valenciana"},
  {"name": "Bilbao", "region": "País Vasco"},
  {"name": "Blanes", "region": "Cataluña"},
  {"name": "Boadilla del Monte", "region": "Madrid"},
  {"name": "Boiro", "region": "Galicia"},
  {"name": "Bormujos", "region": "Andalucía"},
  {"name": "Borriana/Burriana", "region": "C. Valenciana"},
  {"name": "Brunete", "region": "Madrid"},
  {"name": "Bujalance", "region": "Andalucía"},
  {"name": "Burgos", "region": "Castilla y León"},
  {"name": "Burjassot", "region": "C. Valenciana"},
  {"name": "Cabra", "region": "Andalucía"},
  {"name": "Cáceres", "region": "Extremadura"},
  {"name": "Cadiz", "region": "Andalucía"},
  {"name": "Calafell", "region": "Cataluña"},
  {"name": "Calahorra", "region": "La Rioja"},
  {"name": "Calatayud", "region": "Aragón"},
  {"name": "Caldas de Reis", "region": "Galicia"},
  {"name": "Calella", "region": "Cataluña"},
  {"name": "Calpe/Calp", "region": "C. Valenciana"},
  {"name": "Calvià", "region": "Baleares"},
  {"name": "Camargo", "region": "Cantabria"},
  {"name": "Cambre", "region": "Galicia"},
  {"name": "Cambrils", "region": "Cataluña"},
  {"name": "Campanillas", "region": "Andalucía"},
  {"name": "Campello", "region": "C. Valenciana"},
  {"name": "Campo de Criptana", "region": "Castilla-La Mancha"},
  {"name": "Canals", "region": "C. Valenciana"},
  {"name": "Candelaria", "region": "Canarias"},
  {"name": "Cangas", "region": "Galicia"},
  {"name": "Cangas del Narcea", "region": "Asturias"},
  {"name": "Canovelles", "region": "Cataluña"},
  {"name": "Caravaca de la Cruz", "region": "Murcia"},
  {"name": "Carballo", "region": "Galicia"},
  {"name": "Carcaixent", "region": "C. Valenciana"},
  {"name": "Cardedeu", "region": "Cataluña"},
  {"name": "Carlet", "region": "C. Valenciana"},
  {"name": "Carmona", "region": "Andalucía"},
  {"name": "Cartagena", "region": "Murcia"},
  {"name": "Cartama", "region": "Andalucía"},
  {"name": "Casares", "region": "Andalucía"},
  {"name": "Castellar del Vallès", "region": "Cataluña"},
  {"name": "Castelldefels", "region": "Cataluña"},
  {"name": "Castellón de la Plana", "region": "C. Valenciana"},
  {"name": "Castilleja de la Cuesta", "region": "Andalucía"},
  {"name": "Castro Urdiales", "region": "Cantabria"},
  {"name": "Catarroja", "region": "C. Valenciana"},
  {"name": "Cehegín", "region": "Murcia"},
  {"name": "Cerdanyola del Vallès", "region": "Cataluña"},
  {"name": "Ceuta", "region": "Ceuta"},
  {"name": "Chiclana de la Frontera", "region": "Andalucía"},
  {"name": "Chipiona", "region": "Andalucía"},
  {"name": "Ciempozuelos", "region": "Madrid"},
  {"name": "Cieza", "region": "Murcia"},
  {"name": "Ciudad Real", "region": "Castilla-La Mancha"},
  {"name": "Ciutadella de Menorca", "region": "Baleares"},
  {"name": "Coín", "region": "Andalucía"},
  {"name": "Colmenar Viejo", "region": "Madrid"},
  {"name": "Conil de la Frontera", "region": "Andalucía"},
  {"name": "Córdoba", "region": "Andalucía"},
  {"name": "Cornellà de Llobregat", "region": "Cataluña"},
  {"name": "Coria del Río", "region": "Andalucía"},
  {"name": "Coslada", "region": "Madrid"},
  {"name": "Crevillent", "region": "C. Valenciana"},
  {"name": "Cuart de Poblet", "region": "C. Valenciana"},
  {"name": "Cubelles", "region": "Cataluña"},
  {"name": "Cuenca", "region": "Castilla-La Mancha"},
  {"name": "Cullera", "region": "C. Valenciana"},
  {"name": "Dénia", "region": "C. Valenciana"},
  {"name": "Don Benito", "region": "Extremadura"},
  {"name": "Dos Hermanas", "region": "Andalucía"},
  {"name": "Durango", "region": "País Vasco"},
  {"name": "Écija", "region": "Andalucía"},
  {"name": "Eibar", "region": "País Vasco"},
  {"name": "Ejea de los Caballeros", "region": "Aragón"},
  {"name": "El Astillero", "region": "Cantabria"},
  {"name": "El Ejido", "region": "Andalucía"},
  {"name": "El Escorial", "region": "Madrid"},
  {"name": "El Masnou", "region": "Cataluña"},
  {"name": "El Prat de Llobregat", "region": "Cataluña"},
  {"name": "El Puerto de Santa María", "region": "Andalucía"},
  {"name": "El Vendrell", "region": "Cataluña"},
  {"name": "Elche/Elx", "region": "C. Valenciana"},
  {"name": "Elda", "region": "C. Valenciana"},
  {"name": "Ermua", "region": "País Vasco"},
  {"name": "Errenteria", "region": "País Vasco"},
  {"name": "Esparreguera", "region": "Cataluña"},
  {"name": "Esplugues de Llobregat", "region": "Cataluña"},
  {"name": "Estella-Lizarra", "region": "Navarra"},
  {"name": "Estepona", "region": "Andalucía"},
  {"name": "Felanitx", "region": "Baleares"},
  {"name": "Ferrol", "region": "Galicia"},
  {"name": "Figueres", "region": "Cataluña"},
  {"name": "Fuengirola", "region": "Andalucía"},
  {"name": "Fuenlabrada", "region": "Madrid"},
  {"name": "Fuentes de Andalucía", "region": "Andalucía"},
  {"name": "Galdakao", "region": "País Vasco"},
  {"name": "Gandía", "region": "C. Valenciana"},
  {"name": "Gava", "region": "Cataluña"},
  {"name": "Gernika-Lumo", "region": "País Vasco"},
  {"name": "Getafe", "region": "Madrid"},
  {"name": "Getxo", "region": "País Vasco"},
  {"name": "Gijón", "region": "Asturias"},
  {"name": "Girona", "region": "Cataluña"},
  {"name": "Gondomar", "region": "Galicia"},
  {"name": "Granadilla de Abona", "region": "Canarias"},
  {"name": "Granada", "region": "Andalucía"},
  {"name": "Granollers", "region": "Cataluña"},
  {"name": "Guadalajara", "region": "Castilla-La Mancha"},
  {"name": "Guadix", "region": "Andalucía"},
  {"name": "Guardamar del Segura", "region": "C. Valenciana"},
  {"name": "Güímar", "region": "Canarias"},
  {"name": "Hellín", "region": "Castilla-La Mancha"},
  {"name": "Hernani", "region": "País Vasco"},
  {"name": "Hondarribia", "region": "País Vasco"},
  {"name": "Huelva", "region": "Andalucía"},
  {"name": "Huércal de Almería", "region": "Andalucía"},
  {"name": "Huércal-Overa", "region": "Andalucía"},
  {"name": "Huesca", "region": "Aragón"},
  {"name": "Humanes de Madrid", "region": "Madrid"},
  {"name": "Ibiza", "region": "Baleares"},
  {"name": "Icod de los Vinos", "region": "Canarias"},
  {"name": "Igualada", "region": "Cataluña"},
  {"name": "Illescas", "region": "Castilla-La Mancha"},
  {"name": "Inca", "region": "Baleares"},
  {"name": "Irun", "region": "País Vasco"},
  {"name": "Isla Cristina", "region": "Andalucía"},
  {"name": "Jaca", "region": "Aragón"},
  {"name": "Jaén", "region": "Andalucía"},
  {"name": "Javea/Xàbia", "region": "C. Valenciana"},
  {"name": "Jerez de la Frontera", "region": "Andalucía"},
  {"name": "Jumilla", "region": "Murcia"},
  {"name": "L'Alcúdia", "region": "C. Valenciana"},
  {"name": "L'Alfàs del Pi", "region": "C. Valenciana"},
  {"name": "L'Eliana", "region": "C. Valenciana"},
  {"name": "L'Hospitalet de Llobregat", "region": "Cataluña"},
  {"name": "La Línea de la Concepción", "region": "Andalucía"},
  {"name": "La Laguna", "region": "Canarias"},
  {"name": "La Orotava", "region": "Canarias"},
  {"name": "La Palma del Condado", "region": "Andalucía"},
  {"name": "La Rinconada", "region": "Andalucía"},
  {"name": "La Roda", "region": "Castilla-La Mancha"},
  {"name": "Langreo", "region": "Asturias"},
  {"name": "Lanzarote", "region": "Canarias"},
  {"name": "Laredo", "region": "Cantabria"},
  {"name": "Las Cabezas de San Juan", "region": "Andalucía"},
  {"name": "Las Palmas de Gran Canaria", "region": "Canarias"},
  {"name": "Las Rozas de Madrid", "region": "Madrid"},
  {"name": "Lebrija", "region": "Andalucía"},
  {"name": "Leganés", "region": "Madrid"},
  {"name": "Leioa", "region": "País Vasco"},
  {"name": "León", "region": "Castilla y León"},
  {"name": "Lepe", "region": "Andalucía"},
  {"name": "Linares", "region": "Andalucía"},
  {"name": "Llerena", "region": "Extremadura"},
  {"name": "Lleida", "region": "Cataluña"},
  {"name": "Lliria", "region": "C. Valenciana"},
  {"name": "Lloret de Mar", "region": "Cataluña"},
  {"name": "Logroño", "region": "La Rioja"},
  {"name": "Loja", "region": "Andalucía"},
  {"name": "Lorca", "region": "Murcia"},
  {"name": "Los Alcázares", "region": "Murcia"},
  {"name": "Los Barrios", "region": "Andalucía"},
  {"name": "Los Llanos de Aridane", "region": "Canarias"},
  {"name": "Los Palacios y Villafranca", "region": "Andalucía"},
  {"name": "Los Realejos", "region": "Canarias"},
  {"name": "Lucena", "region": "Andalucía"},
  {"name": "Lugo", "region": "Galicia"},
  {"name": "Madrid", "region": "Madrid"},
  {"name": "Madridejos", "region": "Castilla-La Mancha"},
  {"name": "Mairena del Alcor", "region": "Andalucía"},
  {"name": "Mairena del Aljarafe", "region": "Andalucía"},
  {"name": "Majadahonda", "region": "Madrid"},
  {"name": "Málaga", "region": "Andalucía"},
  {"name": "Malgrat de Mar", "region": "Cataluña"},
  {"name": "Manacor", "region": "Baleares"},
  {"name": "Manises", "region": "C. Valenciana"},
  {"name": "Manlleu", "region": "Cataluña"},
  {"name": "Manresa", "region": "Cataluña"},
  {"name": "Manzanares", "region": "Castilla-La Mancha"},
  {"name": "Mao", "region": "Baleares"},
  {"name": "Maracena", "region": "Andalucía"},
  {"name": "Maratamalas", "region": "Cataluña"},
  {"name": "Marbella", "region": "Andalucía"},
  {"name": "Marchena", "region": "Andalucía"},
  {"name": "Martos", "region": "Andalucía"},
  {"name": "Marratxí", "region": "Baleares"},
  {"name": "Mataró", "region": "Cataluña"},
  {"name": "Mazarrón", "region": "Murcia"},
  {"name": "Mejorada del Campo", "region": "Madrid"},
  {"name": "Melilla", "region": "Melilla"},
  {"name": "Mérida", "region": "Extremadura"},
  {"name": "Mieres", "region": "Asturias"},
  {"name": "Mijas", "region": "Andalucía"},
  {"name": "Miranda de Ebro", "region": "Castilla y León"},
  {"name": "Mislata", "region": "C. Valenciana"},
  {"name": "Mogán", "region": "Canarias"},
  {"name": "Moguer", "region": "Andalucía"},
  {"name": "Molina de Segura", "region": "Murcia"},
  {"name": "Molins de Rei", "region": "Cataluña"},
  {"name": "Mollet del Vallès", "region": "Cataluña"},
  {"name": "Monforte de Lemos", "region": "Galicia"},
  {"name": "Montcada i Reixac", "region": "Cataluña"},
  {"name": "Montilla", "region": "Andalucía"},
  {"name": "Montornès del Vallès", "region": "Cataluña"},
  {"name": "Mora d'Ebre", "region": "Cataluña"},
  {"name": "Morón de la Frontera", "region": "Andalucía"},
  {"name": "Móstoles", "region": "Madrid"},
  {"name": "Motril", "region": "Andalucía"},
  {"name": "Mula", "region": "Murcia"},
  {"name": "Mungia", "region": "País Vasco"},
  {"name": "Murcia", "region": "Murcia"},
  {"name": "Narón", "region": "Galicia"},
  {"name": "Navalmoral de la Mata", "region": "Extremadura"},
  {"name": "Nerja", "region": "Andalucía"},
  {"name": "Níjar", "region": "Andalucía"},
  {"name": "Novelda", "region": "C. Valenciana"},
  {"name": "O Barco de Valdeorras", "region": "Galicia"},
  {"name": "O Grove", "region": "Galicia"},
  {"name": "Oleiros", "region": "Galicia"},
  {"name": "Oliva", "region": "C. Valenciana"},
  {"name": "Olivares", "region": "Andalucía"},
  {"name": "Olot", "region": "Cataluña"},
  {"name": "Onda", "region": "C. Valenciana"},
  {"name": "Ondara", "region": "C. Valenciana"},
  {"name": "Ondarroa", "region": "País Vasco"},
  {"name": "Ontinyent", "region": "C. Valenciana"},
  {"name": "Orense", "region": "Galicia"},
  {"name": "Orihuela", "region": "C. Valenciana"},
  {"name": "Osuna", "region": "Andalucía"},
  {"name": "Oviedo", "region": "Asturias"},
  {"name": "Paiporta", "region": "C. Valenciana"},
  {"name": "Palamós", "region": "Cataluña"},
  {"name": "Palencia", "region": "Castilla y León"},
  {"name": "Palma de Mallorca", "region": "Baleares"},
  {"name": "Palma del Río", "region": "Andalucía"},
  {"name": "Pamplona", "region": "Navarra"},
  {"name": "Paracuellos del Jarama", "region": "Madrid"},
  {"name": "Parla", "region": "Madrid"},
  {"name": "Pasaia", "region": "País Vasco"},
  {"name": "Paterna", "region": "C. Valenciana"},
  {"name": "Pego", "region": "C. Valenciana"},
  {"name": "Petrer", "region": "C. Valenciana"},
  {"name": "Picanya", "region": "C. Valenciana"},
  {"name": "Picassent", "region": "C. Valenciana"},
  {"name": "Pilas", "region": "Andalucía"},
  {"name": "Pineda de Mar", "region": "Cataluña"},
  {"name": "Pinto", "region": "Madrid"},
  {"name": "Plasencia", "region": "Extremadura"},
  {"name": "Pobla de Vallbona", "region": "C. Valenciana"},
  {"name": "Pollença", "region": "Baleares"},
  {"name": "Ponferrada", "region": "Castilla y León"},
  {"name": "Pontevedra", "region": "Galicia"},
  {"name": "Ponteareas", "region": "Galicia"},
  {"name": "Porriño", "region": "Galicia"},
  {"name": "Port de Sagunt", "region": "C. Valenciana"},
  {"name": "Portugalete", "region": "País Vasco"},
  {"name": "Pozoblanco", "region": "Andalucía"},
  {"name": "Pozuelo de Alarcón", "region": "Madrid"},
  {"name": "Premiá de Mar", "region": "Cataluña"},
  {"name": "Priego de Córdoba", "region": "Andalucía"},
  {"name": "Puente Genil", "region": "Andalucía"},
  {"name": "Puerto de la Cruz", "region": "Canarias"},
  {"name": "Puerto del Rosario", "region": "Canarias"},
  {"name": "Puerto Lumbreras", "region": "Murcia"},
  {"name": "Puerto Real", "region": "Andalucía"},
  {"name": "Puertollano", "region": "Castilla-La Mancha"},
  {"name": "Puig-reig", "region": "Cataluña"},
  {"name": "Punta Umbría", "region": "Andalucía"},
  {"name": "Quart de Poblet", "region": "C. Valenciana"},
  {"name": "Quintanar de la Orden", "region": "Castilla-La Mancha"},
  {"name": "Redondela", "region": "Galicia"},
  {"name": "Requena", "region": "C. Valenciana"},
  {"name": "Reus", "region": "Cataluña"},
  {"name": "Rianxo", "region": "Galicia"},
  {"name": "Ribarroja del Turia", "region": "C. Valenciana"},
  {"name": "Ribeira", "region": "Galicia"},
  {"name": "Rincón de la Victoria", "region": "Andalucía"},
  {"name": "Ripollet", "region": "Cataluña"},
  {"name": "Rivas-Vaciamadrid", "region": "Madrid"},
  {"name": "Rocafort", "region": "C. Valenciana"},
  {"name": "Roquetas de Mar", "region": "Andalucía"},
  {"name": "Roses", "region": "Cataluña"},
  {"name": "Rota", "region": "Andalucía"},
  {"name": "Rubí", "region": "Cataluña"},
  {"name": "Sabadell", "region": "Cataluña"},
  {"name": "Sada", "region": "Galicia"},
  {"name": "Sagunto/Sagunt", "region": "C. Valenciana"},
  {"name": "Salamanca", "region": "Castilla y León"},
  {"name": "Salou", "region": "Cataluña"},
  {"name": "Salt", "region": "Cataluña"},
  {"name": "San Andrés del Rabanedo", "region": "Castilla y León"},
  {"name": "San Bartolomé de Tirajana", "region": "Canarias"},
  {"name": "San Cristóbal de La Laguna", "region": "Canarias"},
  {"name": "San Fernando", "region": "Andalucía"},
  {"name": "San Fernando de Henares", "region": "Madrid"},
  {"name": "San Javier", "region": "Murcia"},
  {"name": "San Juan de Alicante", "region": "C. Valenciana"},
  {"name": "San Juan de Aznalfarache", "region": "Andalucía"},
  {"name": "San Martín de la Vega", "region": "Madrid"},
  {"name": "San Pedro de Alcántara", "region": "Andalucía"},
  {"name": "San Pedro del Pinatar", "region": "Murcia"},
  {"name": "San Roque", "region": "Andalucía"},
  {"name": "San Sebastián", "region": "País Vasco"},
  {"name": "San Sebastián de los Reyes", "region": "Madrid"},
  {"name": "San Vicente de la Barquera", "region": "Cantabria"},
  {"name": "San Vicente del Raspeig", "region": "C. Valenciana"},
  {"name": "Sanlúcar de Barrameda", "region": "Andalucía"},
  {"name": "Sant Adrià de Besòs", "region": "Cataluña"},
  {"name": "Sant Andreu de la Barca", "region": "Cataluña"},
  {"name": "Sant Antoni de Portmany", "region": "Baleares"},
  {"name": "Sant Boi de Llobregat", "region": "Cataluña"},
  {"name": "Sant Carles de la Ràpita", "region": "Cataluña"},
  {"name": "Sant Celoni", "region": "Cataluña"},
  {"name": "Sant Cugat del Vallès", "region": "Cataluña"},
  {"name": "Sant Feliu de Guíxols", "region": "Cataluña"},
  {"name": "Sant Feliu de Llobregat", "region": "Cataluña"},
  {"name": "Sant Joan d'Alacant", "region": "C. Valenciana"},
  {"name": "Sant Joan Despí", "region": "Cataluña"},
  {"name": "Sant Josep de sa Talaia", "region": "Baleares"},
  {"name": "Sant Just Desvern", "region": "Cataluña"},
  {"name": "Sant Pere de Ribes", "region": "Cataluña"},
  {"name": "Sant Quirze del Vallès", "region": "Cataluña"},
  {"name": "Sant Sadurní d'Anoia", "region": "Cataluña"},
  {"name": "Sant Vicenç dels Horts", "region": "Cataluña"},
  {"name": "Santa Brígida", "region": "Canarias"},
  {"name": "Santa Coloma de Gramenet", "region": "Cataluña"},
  {"name": "Santa Cruz de Tenerife", "region": "Canarias"},
  {"name": "Santa Lucía de Tirajana", "region": "Canarias"},
  {"name": "Santa Margalida", "region": "Baleares"},
  {"name": "Santa María de Guía", "region": "Canarias"},
  {"name": "Santa Perpètua de Mogoda", "region": "Cataluña"},
  {"name": "Santa Pola", "region": "C. Valenciana"},
  {"name": "Santa Úrsula", "region": "Canarias"},
  {"name": "Santander", "region": "Cantabria"},
  {"name": "Santiago de Compostela", "region": "Galicia"},
  {"name": "Santiponce", "region": "Andalucía"},
  {"name": "Santomera", "region": "Murcia"},
  {"name": "Santoña", "region": "Cantabria"},
  {"name": "Santurtzi", "region": "País Vasco"},
  {"name": "Sax", "region": "C. Valenciana"},
  {"name": "Segorbe", "region": "C. Valenciana"},
  {"name": "Segovia", "region": "Castilla y León"},
  {"name": "Sestao", "region": "País Vasco"},
  {"name": "Sevilla", "region": "Andalucía"},
  {"name": "Silla", "region": "C. Valenciana"},
  {"name": "Sitges", "region": "Cataluña"},
  {"name": "Solsona", "region": "Cataluña"},
  {"name": "Soria", "region": "Castilla y León"},
  {"name": "Sueca", "region": "C. Valenciana"},
  {"name": "Tacoronte", "region": "Canarias"},
  {"name": "Talavera de la Reina", "region": "Castilla-La Mancha"},
  {"name": "Tarancón", "region": "Castilla-La Mancha"},
  {"name": "Tarifa", "region": "Andalucía"},
  {"name": "Tarragona", "region": "Cataluña"},
  {"name": "Tarrasa/Terrassa", "region": "Cataluña"},
  {"name": "Tárrega", "region": "Cataluña"},
  {"name": "Tavernes de la Valldigna", "region": "C. Valenciana"},
  {"name": "Teguise", "region": "Canarias"},
  {"name": "Telde", "region": "Canarias"},
  {"name": "Teror", "region": "Canarias"},
  {"name": "Teruel", "region": "Aragón"},
  {"name": "Tías", "region": "Canarias"},
  {"name": "Toledo", "region": "Castilla-La Mancha"},
  {"name": "Tolosa", "region": "País Vasco"},
  {"name": "Tomares", "region": "Andalucía"},
  {"name": "Tomelloso", "region": "Castilla-La Mancha"},
  {"name": "Tordera", "region": "Cataluña"},
  {"name": "Tordesillas", "region": "Castilla y León"},
  {"name": "Torrejón de Ardoz", "region": "Madrid"},
  {"name": "Torrelavega", "region": "Cantabria"},
  {"name": "Torrelodones", "region": "Madrid"},
  {"name": "Torremolinos", "region": "Andalucía"},
  {"name": "Torrent", "region": "C. Valenciana"},
  {"name": "Torrevieja", "region": "C. Valenciana"},
  {"name": "Torrijos", "region": "Castilla-La Mancha"},
  {"name": "Torrox", "region": "Andalucía"},
  {"name": "Tortosa", "region": "Cataluña"},
  {"name": "Totana", "region": "Murcia"},
  {"name": "Tres Cantos", "region": "Madrid"},
  {"name": "Tudela", "region": "Navarra"},
  {"name": "Tui", "region": "Galicia"},
  {"name": "Ubeda", "region": "Andalucía"},
  {"name": "Ucles", "region": "Castilla-La Mancha"},
  {"name": "Utrara", "region": "Andalucía"},
  {"name": "Utrera", "region": "Andalucía"},
  {"name": "Valdemoro", "region": "Madrid"},
  {"name": "Valdepeñas", "region": "Castilla-La Mancha"},
  {"name": "Valencia", "region": "C. Valenciana"},
  {"name": "Valladolid", "region": "Castilla y León"},
  {"name": "Valls", "region": "Cataluña"},
  {"name": "Valverde del Camino", "region": "Andalucía"},
  {"name": "Vélez-Málaga", "region": "Andalucía"},
  {"name": "Vic", "region": "Cataluña"},
  {"name": "Vigo", "region": "Galicia"},
  {"name": "Vila-real", "region": "C. Valenciana"},
  {"name": "Viladecans", "region": "Cataluña"},
  {"name": "Vilafranca del Penedès", "region": "Cataluña"},
  {"name": "Vilagarcía de Arousa", "region": "Galicia"},
  {"name": "Vilalba", "region": "Galicia"},
  {"name": "Vilanova del Camí", "region": "Cataluña"},
  {"name": "Vilanova i la Geltrú", "region": "Cataluña"},
  {"name": "Vilar de Barrio", "region": "Galicia"},
  {"name": "Villanueva de Gallego", "region": "Aragón"},
  {"name": "Villanueva de la Cañada", "region": "Madrid"},
  {"name": "Villanueva de la Serena", "region": "Extremadura"},
  {"name": "Villanueva del Pardillo", "region": "Madrid"},
  {"name": "Villarrobledo", "region": "Castilla-La Mancha"},
  {"name": "Villaviciosa de Odón", "region": "Madrid"},
  {"name": "Villena", "region": "C. Valenciana"},
  {"name": "Vinaròs", "region": "C. Valenciana"},
  {"name": "Vitoria-Gasteiz", "region": "País Vasco"},
  {"name": "Viveiro", "region": "Galicia"},
  {"name": "Xàtiva", "region": "C. Valenciana"},
  {"name": "Xirivella", "region": "C. Valenciana"},
  {"name": "Yaiza", "region": "Canarias"},
  {"name": "Yecla", "region": "Murcia"},
  {"name": "Zamora", "region": "Castilla y León"},
  {"name": "Zaragoza", "region": "Aragón"},
  {"name": "Zarautz", "region": "País Vasco"},
  {"name": "Zumaia", "region": "País Vasco"},
  {"name": "Zumarraga", "region": "País Vasco"}
]
