[
  {"name": "Agrigento", "region": "Sicilia"},
  {"name": "Alessandria", "region": "Piemonte"},
  {"name": "Ancona", "region": "Marche"},
  {"name": "Aosta", "region": "Valle d'Aosta"},
  {"name": "Arezzo", "region": "Toscana"},
  {"name": "Ascoli Piceno", "region": "Marche"},
  {"name": "Asti", "region": "Piemonte"},
  {"name": "Avellino", "region": "Campania"},
  {"name": "Bari", "region": "Puglia"},
  {"name": "Barletta", "region": "Puglia"},
  {"name": "Belluno", "region": "Veneto"},
  {"name": "Benevento", "region": "Campania"},
  {"name": "Bergamo", "region": "Lombardia"},
  {"name": "Biella", "region": "Piemonte"},
  {"name": "Bologna", "region": "Emilia-Romagna"},
  {"name": "Bolzano", "region": "Trentino-Alto Adige"},
  {"name": "Brescia", "region": "Lombardia"},
  {"name": "Brindisi", "region": "Puglia"},
  {"name": "Busto Arsizio", "region": "Lombardia"},
  {"name": "Cagliari", "region": "Sardegna"},
  {"name": "Caltanissetta", "region": "Sicilia"},
  {"name": "Campobasso", "region": "Molise"},
  {"name": "Carrara", "region": "Toscana"},
  {"name": "Caserta", "region": "Campania"},
  {"name": "Catania", "region": "Sicilia"},
  {"name": "Catanzaro", "region": "Calabria"},
  {"name": "Cesena", "region": "Emilia-Romagna"},
  {"name": "Chieti", "region": "Abruzzo"},
  {"name": "Cinisello Balsamo", "region": "Lombardia"},
  {"name": "Civitavecchia", "region": "Lazio"},
  {"name": "Como", "region": "Lombardia"},
  {"name": "Cosenza", "region": "Calabria"},
  {"name": "Cremona", "region": "Lombardia"},
  {"name": "Crotone", "region": "Calabria"},
  {"name": "Cuneo", "region": "Piemonte"},
  {"name": "Enna", "region": "Sicilia"},
  {"name": "Fano", "region": "Marche"},
  {"name": "Ferrara", "region": "Emilia-Romagna"},
  {"name": "Firenze", "region": "Toscana"},
  {"name": "Foggia", "region": "Puglia"},
  {"name": "Forlì", "region": "Emilia-Romagna"},
  {"name": "Frosinone", "region": "Lazio"},
  {"name": "Gallarate", "region": "Lombardia"},
  {"name": "Gela", "region": "Sicilia"},
  {"name": "Genova", "region": "Liguria"},
  {"name": "Giugliano in Campania", "region": "Campania"},
  {"name": "Grosseto", "region": "Toscana"},
  {"name": "Guidonia Montecelio", "region": "Lazio"},
  {"name": "Imperia", "region": "Liguria"},
  {"name": "Isernia", "region": "Molise"},
  {"name": "L'Aquila", "region": "Abruzzo"},
  {"name": "La Spezia", "region": "Liguria"},
  {"name": "Latina", "region": "Lazio"},
  {"name": "Lecce", "region": "Puglia"},
  {"name": "Lecco", "region": "Lombardia"},
  {"name": "Legnano", "region": "Lombardia"},
  {"name": "Livorno", "region": "Toscana"},
  {"name": "Lodi", "region": "Lombardia"},
  {"name": "Lucca", "region": "Toscana"},
  {"name": "Macerata", "region": "Marche"},
  {"name": "Mantova", "region": "Lombardia"},
  {"name": "Marsala", "region": "Sicilia"},
  {"name": "Massa", "region": "Toscana"},
  {"name": "Matera", "region": "Basilicata"},
  {"name": "Messina", "region": "Sicilia"},
  {"name": "Milano", "region": "Lombardia"},
  {"name": "Modena", "region": "Emilia-Romagna"},
  {"name": "Monza", "region": "Lombardia"},
  {"name": "Napoli", "region": "Campania"},
  {"name": "Novara", "region": "Piemonte"},
  {"name": "Nuoro", "region": "Sardegna"},
  {"name": "Oristano", "region": "Sardegna"},
  {"name": "Padova", "region": "Veneto"},
  {"name": "Palermo", "region": "Sicilia"},
  {"name": "Parma", "region": "Emilia-Romagna"},
  {"name": "Pavia", "region": "Lombardia"},
  {"name": "Perugia", "region": "Umbria"},
  {"name": "Pesaro", "region": "Marche"},
  {"name": "Pescara", "region": "Abruzzo"},
  {"name": "Piacenza", "region": "Emilia-Romagna"},
  {"name": "Pisa", "region": "Toscana"},
  {"name": "Pistoia", "region": "Toscana"},
  {"name": "Pordenone", "region": "Friuli-Venezia Giulia"},
  {"name": "Potenza", "region": "Basilicata"},
  {"name": "Prato", "region": "Toscana"},
  {"name": "Ragusa", "region": "Sicilia"},
  {"name": "Ravenna", "region": "Emilia-Romagna"},
  {"name": "Reggio Calabria", "region": "Calabria"},
  {"name": "Reggio Emilia", "region": "Emilia-Romagna"},
  {"name": "Rieti", "region": "Lazio"},
  {"name": "Rimini", "region": "Emilia-Romagna"},
  {"name": "Roma", "region": "Lazio"},
  {"name": "Rovigo", "region": "Veneto"},
  {"name": "Salerno", "region": "Campania"},
  {"name": "San Remo", "region": "Liguria"},
  {"name": "Sassari", "region": "Sardegna"},
  {"name": "Savona", "region": "Liguria"},
  {"name": "Sesto San Giovanni", "region": "Lombardia"},
  {"name": "Siena", "region": "Toscana"},
  {"name": "Siracusa", "region": "Sicilia"},
  {"name": "Sondrio", "region": "Lombardia"},
  {"name": "Taranto", "region": "Puglia"},
  {"name": "Terni", "region": "Umbria"},
  {"name": "Torino", "region": "Piemonte"},
  {"name": "Torre del Greco", "region": "Campania"},
  {"name": "Trani", "region": "Puglia"},
  {"name": "Trapani", "region": "Sicilia"},
  {"name": "Trento", "region": "Trentino-Alto Adige"},
  {"name": "Treviso", "region": "Veneto"},
  {"name": "Trieste", "region": "Friuli-Venezia Giulia"},
  {"name": "Udine", "region": "Friuli-Venezia Giulia"},
  {"name": "Varese", "region": "Lombardia"},
  {"name": "Venezia", "region": "Veneto"},
  {"name": "Verbania", "region": "Piemonte"},
  {"name": "Vercelli", "region": "Piemonte"},
  {"name": "Verona", "region": "Veneto"},
  {"name": "Viareggio", "region": "Toscana"},
  {"name": "Vicenza", "region": "Veneto"},
  {"name": "Viterbo", "region": "Lazio"},
  {"name": "Vittoria", "region": "Sicilia"}
]
